Workbook

Sheet README
A1: Physics History Experiments — Research Workbook
A3: Scope note
A4: This workbook is a curated, research-oriented catalogue of major experiments and observations in the history of physics. It is not a claim that there exists a universally agreed finite list of all important experiments. The catalogue emphasizes experiments that created, rejected, or decisively constrained major theoretical frameworks; enabled new measurement regimes; or opened major fields of research.
A10: Workbook structure
A11: Experiments | B11: Main catalogue; one row per experiment/observational milestone with source URL.
A12: Summary | B12: Counts by branch, tier, and period for orientation.
A13: Bibliography | B13: General reference starting points and source-selection guidance.
A14: Glossary | B14: Field values and tier definitions used in the workbook.
A15: Importance tier 1 | B15: Canonical field-shaping experiment/observation.
A16: Importance tier 2 | B16: Very important but more specialized, programmatic, or partly derivative.
A17: Importance tier 3 | B17: Contextual/theoretical/instrumental milestone included for completeness.
A19: Recommended scholarly workflow
A20: Use this sheet as a structured starting corpus. For publication-grade historical work, verify each row against original papers, laboratory notebooks where available, Nobel lectures, institutional archives, and modern historiography. The Source URL column prioritizes stable overview pages and institutional reference points rather than attempting to replace primary-source bibliography.

Sheet Experiments
A1: ID | B1: Year / period | C1: Experiment or observation | D1: Lead experimenter(s) | E1: Location / institution | F1: Physics branch | G1: Subfield | H1: Apparatus / method | I1: Measured / observed quantity | J1: Key finding | K1: Theory / concept tested or established | L1: Historical significance | M1: Source kind | N1: Source URL | O1: Importance tier | P1: Notes / caveats
A2: E001 | B2: c. 240 BCE | C2: Eratosthenes' measurement of Earth circumference | D2: Eratosthenes | E2: Alexandria and Syene | F2: Astronomy / geophysics | G2: geodesy | H2: Solar shadow angles at two latitudes | I2: Solar zenith angle; baseline distance | J2: Estimated Earth's circumference from angular geometry | K2: Spherical Earth; quantitative astronomy | L2: Foundational quantitative geophysical measurement | M2: Encyclopedic overview | N2: https://en.wikipedia.org/wiki/Eratosthenes#Measurement_of_Earth%27s_circumference | O2: 1 | P2: Astronomical observation rather than controlled laboratory experiment
A3: E002 | B3: c. 250 BCE | C3: Archimedes' buoyancy investigations | D3: Archimedes | E3: Syracuse | F3: Fluid mechanics | G3: hydrostatics | H3: Immersion and displacement reasoning | I3: Displaced volume; apparent weight | J3: Principle of buoyancy and specific gravity reasoning | K3: Hydrostatic equilibrium | L3: Foundational to hydrostatics and density measurement | M3: Encyclopedic overview | N3: https://en.wikipedia.org/wiki/Archimedes%27_principle | O3: 1 | P3: Crown story is partly legendary; principle is robust
A4: E003 | B4: c. 1021 | C4: Ibn al-Haytham's camera obscura / optics experiments | D4: Ibn al-Haytham | E4: Basra / Cairo intellectual tradition | F4: Optics | G4: geometrical optics | H4: Dark chamber, apertures, controlled light paths | I4: Image formation; rectilinear propagation | J4: Light travels in straight lines; vision involves light entering the eye | K4: Experimental optics and visual perception | L4: Major early example of controlled optical experimentation | M4: Encyclopedic overview | N4: https://en.wikipedia.org/wiki/Book_of_Optics | O4: 1 | P4: Dates approximate
A5: E004 | B5: 1586 | C5: Stevin's inclined-plane / hydrostatic demonstrations | D5: Simon Stevin | E5: Low Countries | F5: Classical mechanics | G5: statics | H5: Chain on triangular inclined plane; hydrostatic paradox demonstrations | I5: Forces on inclined planes and fluids | J5: Resolved statics of inclined planes; hydrostatic pressure ideas | K5: Statics; virtual work precursors | L5: Important pre-Newtonian mechanics result | M5: Encyclopedic overview | N5: https://en.wikipedia.org/wiki/Simon_Stevin | O5: 2 | P5: Multiple demonstrations rather than one single experiment
A6: E005 | B6: 1602-1604 | C6: Galileo's inclined-plane acceleration experiments | D6: Galileo Galilei | E6: Padua | F6: Classical mechanics | G6: kinematics | H6: Bronze balls on inclined planes; timing by water clock | I6: Distance vs. time; acceleration | J6: Uniform acceleration and quadratic distance-time relation | K6: Mathematical law of free fall | L6: Canonical birth of quantitative experimental mechanics | M6: Scholarly overview | N6: https://en.wikipedia.org/wiki/Galileo%27s_inclined_plane_experiment | O6: 1 | P6: Historical reconstruction debated in detail
A7: E006 | B7: c. 1602 | C7: Galileo's pendulum observations | D7: Galileo Galilei | E7: Pisa / Padua | F7: Classical mechanics | G7: oscillations | H7: Pendula of different amplitudes and lengths | I7: Period dependence | J7: Near-isochronism for small oscillations; period tied to length | K7: Periodic motion | L7: Important precursor to precision timekeeping and oscillator physics | M7: Encyclopedic overview | N7: https://en.wikipedia.org/wiki/Pendulum#History | O7: 2 | P7: Some details come from later accounts
A8: E007 | B8: 1643 | C8: Torricelli's barometer experiment | D8: Evangelista Torricelli | E8: Florence | F8: Fluid mechanics / atmospheric physics | G8: pressure | H8: Mercury column sealed tube inverted in a basin | I8: Column height; vacuum space | J8: Atmospheric pressure supports mercury column; artificial vacuum exists | K8: Atmospheric pressure; vacuum | L8: Overturned horror vacui and founded barometry | M8: Encyclopedic overview | N8: https://en.wikipedia.org/wiki/Barometer#History | O8: 1
A9: E008 | B9: 1648 | C9: Pascal's Puy de Dôme barometric test | D9: Blaise Pascal; Florin Périer | E9: Puy de Dôme, France | F9: Fluid mechanics / atmospheric physics | G9: pressure | H9: Barometer readings at different altitude | I9: Mercury column height vs altitude | J9: Atmospheric pressure decreases with altitude | K9: Atmospheric pressure as weight of air | L9: Strong early field test of atmospheric pressure theory | M9: Encyclopedic overview | N9: https://en.wikipedia.org/wiki/Blaise_Pascal#Fluid_dynamics | O9: 1
A10: E009 | B10: 1654 | C10: Magdeburg hemispheres vacuum demonstration | D10: Otto von Guericke | E10: Regensburg / Magdeburg | F10: Fluid mechanics | G10: vacuum / pressure | H10: Evacuated copper hemispheres pulled by horses | I10: Force due to external air pressure | J10: Atmospheric pressure can exert enormous force | K10: Vacuum physics; air pressure | L10: Iconic demonstration of vacuum and atmospheric pressure | M10: Encyclopedic overview | N10: https://en.wikipedia.org/wiki/Magdeburg_hemispheres | O10: 2 | P10: Public demonstration, not precision measurement
A11: E010 | B11: 1662 | C11: Boyle's air-pump pressure-volume experiments | D11: Robert Boyle; Robert Hooke | E11: Oxford | F11: Thermodynamics / gases | G11: gas laws | H11: Air pump and J-shaped glass tubes | I11: Pressure and volume of air | J11: Pressure inversely proportional to volume at constant temperature | K11: Boyle's law | L11: Foundation of quantitative gas laws | M11: Primary / historical overview | N11: https://en.wikipedia.org/wiki/Boyle%27s_law | O11: 1 | P11: Often cited as 1662 publication of Boyle's law
A12: E011 | B12: 1666 | C12: Newton's prism decomposition of white light | D12: Isaac Newton | E12: Cambridge | F12: Optics | G12: dispersion | H12: Prisms, apertures, darkened room | I12: Angular separation of colors | J12: White light is composite; colors have different refrangibility | K12: Dispersion; color theory | L12: Foundational experiment in physical optics | M12: Encyclopedic overview | N12: https://en.wikipedia.org/wiki/Newton%27s_prism_experiment | O12: 1
A13: E012 | B13: 1672 | C13: Newton's rings interference observation | D13: Isaac Newton | E13: Cambridge | F13: Optics | G13: interference | H13: Plano-convex lens on flat glass | I13: Concentric colored fringes | J13: Thin-film interference pattern observed | K13: Wave optics phenomenon, despite Newton's corpuscular interpretation | L13: Important evidence later reinterpreted by wave theory | M13: Encyclopedic overview | N13: https://en.wikipedia.org/wiki/Newton%27s_rings | O13: 2
A14: E013 | B14: 1676 | C14: Rømer's astronomical estimate of light speed | D14: Ole Rømer | E14: Paris Observatory | F14: Optics / astronomy | G14: speed of light | H14: Timing eclipses of Jupiter's moon Io | I14: Delay in eclipse timings | J14: Light has finite propagation speed | K14: Finite speed of light | L14: First successful quantitative evidence for finite light speed | M14: Encyclopedic overview | N14: https://en.wikipedia.org/wiki/R%C3%B8mer%27s_determination_of_the_speed_of_light | O14: 1 | P14: Astronomical observation
A15: E014 | B15: 1728 | C15: Bradley's stellar aberration measurement | D15: James Bradley | E15: England | F15: Astronomy / relativity precursor | G15: stellar aberration | H15: Precision telescopic observations | I15: Annual displacement of stellar positions | J15: Stellar aberration caused by Earth's orbital velocity and finite light speed | K15: Light propagation; heliocentrism | L15: Important confirmation of Earth's motion and finite light speed | M15: Encyclopedic overview | N15: https://en.wikipedia.org/wiki/Aberration_(astronomy) | O15: 1
A16: E015 | B16: 1738 | C16: Bernoulli kinetic theory arguments from gas behavior | D16: Daniel Bernoulli | E16: Basel / St. Petersburg tradition | F16: Thermodynamics | G16: kinetic theory | H16: Theoretical analysis informed by gas-pressure observations | I16: Pressure; particle motion model | J16: Gas pressure interpretable via molecular motion | K16: Kinetic theory of gases | L16: Conceptual precursor rather than a single experiment | M16: Encyclopedic overview | N16: https://en.wikipedia.org/wiki/Kinetic_theory_of_gases#History | O16: 3 | P16: Included for context; not a discrete experiment
A17: E016 | B17: 1752 | C17: Franklin's kite experiment and lightning electricity | D17: Benjamin Franklin | E17: Philadelphia | F17: Electromagnetism | G17: electrostatics | H17: Kite, wet string, key, Leyden jar | I17: Charge transfer from storm cloud | J17: Lightning is electrical | K17: Atmospheric electricity | L17: Iconic demonstration linking lightning and electricity | M17: Encyclopedic overview | N17: https://en.wikipedia.org/wiki/Kite_experiment | O17: 2 | P17: Historicity and risk details are debated
A18: E017 | B18: 1785 | C18: Coulomb torsion-balance experiments | D18: Charles-Augustin de Coulomb | E18: Paris | F18: Electromagnetism | G18: electrostatics / magnetostatics | H18: Torsion balance | I18: Force vs charge/distance | J18: Inverse-square electrostatic force law | K18: Coulomb's law | L18: Quantified electrostatic interaction | M18: Encyclopedic overview | N18: https://en.wikipedia.org/wiki/Coulomb%27s_law | O18: 1
A19: E018 | B19: 1787 | C19: Chladni figures | D19: Ernst Chladni | E19: Germany | F19: Acoustics / waves | G19: vibrations | H19: Sand on vibrating plates | I19: Nodal-line patterns | J19: Vibrating plates form characteristic mode patterns | K19: Normal modes; wave interference | L19: Founded experimental study of acoustical modes | M19: Encyclopedic overview | N19: https://en.wikipedia.org/wiki/Chladni_figures | O19: 2
A20: E019 | B20: 1798 | C20: Cavendish torsion-balance measurement of gravitational attraction | D20: Henry Cavendish | E20: Clapham, London | F20: Gravitation | G20: precision measurement | H20: Torsion balance with lead spheres | I20: Tiny gravitational torque; Earth density | J20: Measured Newtonian gravitational attraction in laboratory; inferred Earth density | K20: Newtonian gravitation; gravitational constant precursor | L20: Canonical precision test of universal gravitation | M20: Encyclopedic overview | N20: https://en.wikipedia.org/wiki/Cavendish_experiment | O20: 1 | P20: Cavendish reported Earth density; G later derived
A21: E020 | B21: 1798 | C21: Rumford cannon-boring heat experiment | D21: Benjamin Thompson, Count Rumford | E21: Munich | F21: Thermodynamics | G21: heat theory | H21: Cannon boring with dull drill; water heating | I21: Heat produced by mechanical work | J21: Heat is associated with motion/work, challenging caloric theory | K21: Mechanical equivalent of heat precursor | L21: Key step toward energy conservation and thermodynamics | M21: Encyclopedic overview | N21: https://en.wikipedia.org/wiki/Benjamin_Thompson#Experiments_with_heat | O21: 1
A22: E021 | B22: 1801 | C22: Young's double-slit interference experiment | D22: Thomas Young | E22: Royal Institution / London | F22: Optics | G22: interference | H22: Two slits / apertures illuminated by light | I22: Fringe pattern | J22: Light exhibits interference consistent with waves | K22: Wave theory of light | L22: Canonical demonstration of wave nature of light | M22: Encyclopedic overview | N22: https://en.wikipedia.org/wiki/Double-slit_experiment | O22: 1
A23: E022 | B23: 1808 | C23: Malus polarization by reflection | D23: Étienne-Louis Malus | E23: Paris | F23: Optics | G23: polarization | H23: Calcite and reflected light observations | I23: Intensity vs orientation | J23: Reflected light can be polarized | K23: Polarization of light | L23: Opened systematic study of polarization | M23: Encyclopedic overview | N23: https://en.wikipedia.org/wiki/Polarization_(waves)#History | O23: 2
A24: E023 | B24: 1815-1819 | C24: Fresnel-Arago interference and polarization experiments | D24: Augustin-Jean Fresnel; François Arago | E24: Paris | F24: Optics | G24: wave optics | H24: Interference setups, diffraction apertures, polarized beams | I24: Diffraction fringes; polarization behavior | J24: Explained diffraction/interference and transverse nature of light waves | K24: Fresnel wave theory | L24: Established wave optics against corpuscular theory | M24: Encyclopedic overview | N24: https://en.wikipedia.org/wiki/Augustin-Jean_Fresnel | O24: 1 | P24: Covers a program of experiments
A25: E024 | B25: 1820 | C25: Ørsted compass-needle deflection by current | D25: Hans Christian Ørsted | E25: Copenhagen | F25: Electromagnetism | G25: electromagnetism | H25: Wire carrying current near compass needle | I25: Magnetic needle deflection | J25: Electric current produces magnetic effect | K25: Link between electricity and magnetism | L25: Launched electromagnetism | M25: Encyclopedic overview | N25: https://en.wikipedia.org/wiki/%C3%98rsted%27s_law | O25: 1
A26: E025 | B26: 1820-1825 | C26: Ampère force experiments between currents | D26: André-Marie Ampère | E26: Paris | F26: Electromagnetism | G26: electrodynamics | H26: Current-carrying wires and balances | I26: Forces between currents | J26: Parallel currents attract/repel depending on direction | K26: Electrodynamic force law | L26: Foundation of mathematical electrodynamics | M26: Encyclopedic overview | N26: https://en.wikipedia.org/wiki/Amp%C3%A8re%27s_force_law | O26: 1
A27: E026 | B27: 1821 | C27: Seebeck thermoelectric effect | D27: Thomas Johann Seebeck | E27: Berlin | F27: Condensed matter / electromagnetism | G27: thermoelectricity | H27: Two dissimilar metals with temperature gradient | I27: Compass deflection / thermoelectric current | J27: Temperature gradients generate electric current in circuits | K27: Thermoelectric effect | L27: Foundation of thermoelectricity and sensors | M27: Encyclopedic overview | N27: https://en.wikipedia.org/wiki/Thermoelectric_effect#Seebeck_effect | O27: 2
A28: E027 | B28: 1827 | C28: Brownian motion observation | D28: Robert Brown | E28: London | F28: Statistical physics | G28: stochastic motion | H28: Microscope observations of pollen particles in water | I28: Irregular particle motion | J28: Suspended particles undergo random motion | K28: Thermal fluctuations; atomic theory later | L28: Key empirical input for statistical mechanics | M28: Encyclopedic overview | N28: https://en.wikipedia.org/wiki/Brownian_motion | O28: 1 | P28: Einstein and Perrin later provided decisive interpretation
A29: E028 | B29: 1831 | C29: Faraday electromagnetic induction experiments | D29: Michael Faraday | E29: Royal Institution, London | F29: Electromagnetism | G29: induction | H29: Iron ring, coils, galvanometer; moving magnets | I29: Induced current / EMF | J29: Changing magnetic flux induces current | K29: Faraday's law; electromagnetic induction | L29: Basis of generators, transformers, field theory | M29: Encyclopedic overview | N29: https://en.wikipedia.org/wiki/Faraday%27s_law_of_induction | O29: 1
A30: E029 | B30: 1833-1834 | C30: Faraday electrolysis laws | D30: Michael Faraday | E30: Royal Institution, London | F30: Electromagnetism / chemistry physics | G30: electrochemistry | H30: Electrolytic cells and weighed deposits | I30: Mass deposited vs charge | J30: Chemical change proportional to electric charge | K30: Quantization of charge precursor; electrochemistry | L30: Linked electricity with matter quantitatively | M30: Encyclopedic overview | N30: https://en.wikipedia.org/wiki/Faraday%27s_laws_of_electrolysis | O30: 1
A31: E030 | B31: 1840 | C31: Joule's law of heating | D31: James Prescott Joule | E31: Manchester | F31: Thermodynamics / electromagnetism | G31: energy conversion | H31: Current through conductors; calorimetry | I31: Heat vs current, resistance, time | J31: Heat generated is proportional to I²Rt | K31: Energy dissipation in circuits | L31: Foundation of electrical heating and energy conservation | M31: Encyclopedic overview | N31: https://en.wikipedia.org/wiki/Joule_heating | O31: 1
A32: E031 | B32: 1845 | C32: Faraday effect: magnetic rotation of polarization | D32: Michael Faraday | E32: Royal Institution, London | F32: Optics / electromagnetism | G32: magneto-optics | H32: Polarized light through material in magnetic field | I32: Rotation angle of polarization | J32: Magnetic field affects light propagation in matter | K32: Electromagnetic nature of light precursor | L32: First direct link between magnetism and light | M32: Encyclopedic overview | N32: https://en.wikipedia.org/wiki/Faraday_effect | O32: 1
A33: E032 | B33: 1847-1849 | C33: Joule paddle-wheel mechanical equivalent of heat | D33: James Prescott Joule | E33: Manchester | F33: Thermodynamics | G33: energy conservation | H33: Falling weights drive paddles in water | I33: Temperature rise per mechanical work | J33: Mechanical work converts to heat with fixed equivalent | K33: First law of thermodynamics | L33: Landmark in conservation of energy | M33: Encyclopedic overview | N33: https://en.wikipedia.org/wiki/Mechanical_equivalent_of_heat | O33: 1
A34: E033 | B34: 1849 | C34: Fizeau toothed-wheel speed of light measurement | D34: Hippolyte Fizeau | E34: Paris area | F34: Optics | G34: speed of light | H34: T غoothed wheel and distant mirror | I34: Time of flight inferred from wheel speed | J34: Terrestrial measurement of light speed | K34: Finite light speed | L34: First successful terrestrial speed-of-light measurement | M34: Encyclopedic overview | N34: https://en.wikipedia.org/wiki/Fizeau%E2%80%93Foucault_apparatus | O34: 1
A35: E034 | B35: 1851 | C35: Foucault pendulum | D35: Léon Foucault | E35: Paris Panthéon | F35: Classical mechanics / geophysics | G35: rotation | H35: Long pendulum | I35: Precession of oscillation plane | J35: Earth's rotation directly demonstrated | K35: Rotating reference frames | L35: Iconic demonstration of Earth's rotation | M35: Encyclopedic overview | N35: https://en.wikipedia.org/wiki/Foucault_pendulum | O35: 1
A36: E035 | B36: 1851 | C36: Fizeau experiment on light in moving water | D36: Hippolyte Fizeau | E36: Paris | F36: Optics / relativity precursor | G36: light propagation in media | H36: Interferometer with moving water tubes | I36: Fringe shift | J36: Partial dragging of light by moving medium | K36: Fresnel drag coefficient; relativity precursor | L36: Important input for electrodynamics of moving bodies | M36: Encyclopedic overview | N36: https://en.wikipedia.org/wiki/Fizeau_experiment | O36: 1
A37: E036 | B37: 1859-1860 | C37: Kirchhoff-Bunsen spectroscopy experiments | D37: Gustav Kirchhoff; Robert Bunsen | E37: Heidelberg | F37: Optics / atomic physics | G37: spectroscopy | H37: Prism spectroscope and flame spectra | I37: Emission/absorption spectral lines | J37: Elements have characteristic spectra; solar lines explained | K37: Spectral analysis; atomic structure precursor | L37: Founded astrophysical spectroscopy and chemical spectroscopy | M37: Encyclopedic overview | N37: https://en.wikipedia.org/wiki/Emission_spectrum#History | O37: 1
A38: E037 | B38: 1861 | C38: Maxwell color photograph demonstration | D38: James Clerk Maxwell; Thomas Sutton | E38: Royal Institution, London | F38: Optics | G38: color vision | H38: Three-color photographic separations | I38: Additive color reconstruction | J38: Color images can be reconstructed from RGB components | K38: Color theory; electromagnetic optics context | L38: Milestone in color science and imaging | M38: Encyclopedic overview | N38: https://en.wikipedia.org/wiki/Tartan_Ribbon | O38: 3 | P38: Important to optics/imaging, less central to fundamental physics
A39: E038 | B39: 1869 | C39: Andrews critical point of carbon dioxide | D39: Thomas Andrews | E39: Belfast | F39: Thermodynamics | G39: phase transitions | H39: Pressure-volume-temperature measurements of CO₂ | I39: P-V isotherms; critical temperature | J39: Liquid-gas distinction disappears above critical point | K39: Critical phenomena; phase transitions | L39: Foundational for phase diagrams and critical behavior | M39: Encyclopedic overview | N39: https://en.wikipedia.org/wiki/Critical_point_(thermodynamics) | O39: 1
A40: E039 | B40: 1879 | C40: Crookes cathode-ray tube experiments | D40: William Crookes | E40: London | F40: Atomic / plasma physics | G40: cathode rays | H40: Low-pressure discharge tubes | I40: Cathode-ray shadows and fluorescence | J40: Cathode rays travel from cathode and carry momentum-like effects | K40: Electron precursor; discharge physics | L40: Prepared path to electron discovery | M40: Encyclopedic overview | N40: https://en.wikipedia.org/wiki/Crookes_tube | O40: 2
A41: E040 | B41: 1879 | C41: Hall effect discovery | D41: Edwin Hall | E41: Johns Hopkins University | F41: Condensed matter / electromagnetism | G41: transport | H41: Current-carrying conductor in magnetic field | I41: Transverse voltage | J41: Magnetic field produces transverse Hall voltage | K41: Charge-carrier sign and density | L41: Key probe of electronic transport | M41: Encyclopedic overview | N41: https://en.wikipedia.org/wiki/Hall_effect | O41: 1
A42: E041 | B42: 1887 | C42: Michelson-Morley ether-drift experiment | D42: Albert A. Michelson; Edward W. Morley | E42: Cleveland | F42: Optics / relativity | G42: interferometry | H42: Michelson interferometer on rotating stone slab | I42: Fringe shift vs orientation | J42: No detectable ether wind | K42: Aether theory; invariance of light speed | L42: Central empirical precursor to special relativity | M42: Encyclopedic overview | N42: https://en.wikipedia.org/wiki/Michelson%E2%80%93Morley_experiment | O42: 1
A43: E042 | B43: 1887-1888 | C43: Hertz electromagnetic-wave experiments | D43: Heinrich Hertz | E43: Karlsruhe | F43: Electromagnetism | G43: radio waves | H43: Spark-gap oscillator and resonator | I43: Radio-wave reflection/refraction/interference | J43: Electromagnetic waves exist and behave like light | K43: Maxwell's electromagnetic theory | L43: Confirmed Maxwell's prediction; launched radio physics | M43: Encyclopedic overview | N43: https://en.wikipedia.org/wiki/Heinrich_Hertz#Electromagnetic_waves | O43: 1
A44: E043 | B44: 1887 | C44: Photoelectric effect observation | D44: Heinrich Hertz; later Wilhelm Hallwachs | E44: Karlsruhe | F44: Quantum physics / optics | G44: photoemission | H44: UV light on electrodes / spark gaps | I44: Electron emission / discharge change | J44: Light can eject charge from metal surfaces | K44: Photoelectric effect | L44: Key empirical anomaly leading to light quanta | M44: Encyclopedic overview | N44: https://en.wikipedia.org/wiki/Photoelectric_effect#History | O44: 1
A45: E044 | B45: 1895 | C45: Röntgen X-ray discovery | D45: Wilhelm Conrad Röntgen | E45: University of Würzburg | F45: Atomic physics / radiation | G45: X-rays | H45: Cathode-ray tubes and fluorescent screens | I45: Penetrating radiation; photographic plates | J45: New penetrating radiation discovered | K45: X-ray radiation | L45: Opened X-ray physics, crystallography, and medical imaging | M45: Nobel / encyclopedic overview | N45: https://en.wikipedia.org/wiki/X-ray#Discovery | O45: 1
A46: E045 | B46: 1896 | C46: Becquerel radioactivity discovery | D46: Henri Becquerel | E46: Paris | F46: Nuclear physics | G46: radioactivity | H46: Uranium salts and photographic plates | I46: Spontaneous plate exposure | J46: Uranium emits penetrating radiation without sunlight | K46: Radioactivity | L46: Birth of nuclear physics | M46: Nobel / encyclopedic overview | N46: https://en.wikipedia.org/wiki/Henri_Becquerel#Radioactivity | O46: 1
A47: E046 | B47: 1896-1897 | C47: Zeeman effect | D47: Pieter Zeeman | E47: Leiden | F47: Atomic physics / spectroscopy | G47: magneto-spectroscopy | H47: Spectral lines in magnetic field | I47: Line splitting | J47: Magnetic fields split atomic spectral lines | K47: Electron charge-to-mass and atomic structure | L47: Key evidence for electron in atoms and quantum angular momentum | M47: Nobel / encyclopedic overview | N47: https://en.wikipedia.org/wiki/Zeeman_effect | O47: 1
A48: E047 | B48: 1897 | C48: J. J. Thomson cathode-ray e/m experiment | D48: J. J. Thomson | E48: Cavendish Laboratory, Cambridge | F48: Atomic physics | G48: electron discovery | H48: Cathode-ray tube with electric and magnetic deflection | I48: Charge-to-mass ratio | J48: Cathode rays are universal negatively charged particles | K48: Electron existence | L48: Discovery of the electron | M48: Nobel / encyclopedic overview | N48: https://en.wikipedia.org/wiki/Electron#Discovery | O48: 1
A49: E048 | B49: 1898-1902 | C49: Curie radioactivity and radium isolation experiments | D49: Marie Curie; Pierre Curie | E49: Paris | F49: Nuclear physics | G49: radioactivity | H49: Pitchblende processing, electrometer measurements | I49: Ionization activity | J49: Polonium and radium identified; radioactivity as atomic property | K49: Radioactive decay; nuclear processes | L49: Central to nuclear physics and radiochemistry | M49: Nobel / encyclopedic overview | N49: https://en.wikipedia.org/wiki/Marie_Curie#New_elements | O49: 1
A50: E049 | B50: 1900 | C50: Blackbody radiation precision measurements | D50: Otto Lummer; Ernst Pringsheim; Heinrich Rubens; Ferdinand Kurlbaum | E50: Physikalisch-Technische Reichsanstalt, Berlin | F50: Quantum physics / thermodynamics | G50: blackbody radiation | H50: Cavity radiators and bolometers | I50: Spectral radiance vs wavelength/temperature | J50: Empirical spectrum incompatible with classical laws over full range | K50: Planck radiation law context | L50: Experimental basis of quantum theory | M50: Scholarly overview | N50: https://en.wikipedia.org/wiki/Black-body_radiation#History | O50: 1
... A59: E058 | B59: 1915-1916 | C59: Millikan photoelectric-effect tests | D59: Robert A. Millikan | E59: University of Chicago | F59: Quantum physics | G59: photoelectric effect | H59: Photocurrent vs frequency and voltage | I59: Stopping potential; Planck constant | J59: Confirmed Einstein's photoelectric equation despite initial skepticism | K59: Photon/light quantum | L59: Key quantitative support for light quanta | M59: Nobel / encyclopedic overview | N59: https://en.wikipedia.org/wiki/Photoelectric_effect | O59: 1
A60: E059 | B60: 1919 | C60: Eddington eclipse deflection expedition | D60: Arthur Eddington; Frank Dyson; Andrew Crommelin | E60: Principe and Sobral | F60: Relativity / gravitation | G60: gravitational lensing | H60: Solar-eclipse stellar photography | I60: Stellar position shift near Sun | J60: Light is deflected by solar gravity consistent with GR within uncertainties | K60: General relativity | L60: Made general relativity internationally prominent | M60: Encyclopedic overview | N60: https://en.wikipedia.org/wiki/Eddington_experiment | O60: 1 | P60: Results and uncertainty have been historically reassessed
A61: E060 | B61: 1919 | C61: Rutherford artificial transmutation | D61: Ernest Rutherford | E61: Cavendish Laboratory, Cambridge | F61: Nuclear physics | G61: nuclear reactions | H61: Alpha particles on nitrogen | I61: Hydrogen nuclei emission | J61: Nitrogen transmuted into oxygen; proton identified in nuclear reaction | K61: Nuclear reactions | L61: First artificial nuclear transmutation | M61: Encyclopedic overview | N61: https://en.wikipedia.org/wiki/Ernest_Rutherford#Later_work | O61: 1
A62: E061 | B62: 1920 | C62: Stern-Volmer molecular beam precursor experiments | D62: Otto Stern; Max Volmer | E62: Frankfurt / Hamburg tradition | F62: Atomic physics | G62: molecular beams | H62: Molecular beam methods | I62: Velocity distributions / collisions | J62: Developed molecular beam techniques | K62: Kinetic theory; atomic beams | L62: Important precursor to Stern-Gerlach and precision atomic physics | M62: Scholarly overview | N62: https://en.wikipedia.org/wiki/Molecular_beam | O62: 3
A63: E062 | B63: 1922 | C63: Stern-Gerlach experiment | D63: Otto Stern; Walther Gerlach | E63: Frankfurt | F63: Quantum physics / atomic physics | G63: spin / quantization | H63: Silver atom beam through inhomogeneous magnetic field | I63: Discrete beam splitting | J63: Angular momentum projection is quantized | K63: Space quantization; spin precursor | L63: Canonical quantum measurement experiment | M63: Encyclopedic overview | N63: https://en.wikipedia.org/wiki/Stern%E2%80%93Gerlach_experiment | O63: 1
A64: E063 | B64: 1923 | C64: Compton scattering experiment | D64: Arthur H. Compton | E64: Washington University / Chicago | F64: Quantum physics | G64: photon momentum | H64: X-rays scattered by electrons | I64: Wavelength shift vs angle | J64: X-rays scatter as particles with momentum | K64: Photon concept; wave-particle duality | L64: Strong evidence for photons | M64: Nobel / encyclopedic overview | N64: https://en.wikipedia.org/wiki/Compton_scattering | O64: 1
A65: E064 | B65: 1925 | C65: Bothe-Geiger coincidence experiment | D65: Walther Bothe; Hans Geiger | E65: Berlin | F65: Quantum physics / particle detection | G65: coincidence counting | H65: Coincidence counters for Compton scattering | I65: Temporal correlations | J65: Energy-momentum conservation holds event-by-event in radiation processes | K65: Quantum event individuality | L65: Influential in quantum foundations and nuclear instrumentation | M65: Nobel / encyclopedic overview | N65: https://en.wikipedia.org/wiki/Walther_Bothe | O65: 2
A66: E065 | B66: 1927 | C66: Davisson-Germer electron diffraction | D66: Clinton Davisson; Lester Germer | E66: Bell Labs | F66: Quantum physics / condensed matter | G66: matter waves | H66: Electrons scattered from nickel crystal | I66: Diffraction maxima | J66: Electrons exhibit wave diffraction | K66: de Broglie matter waves | L66: Direct evidence for matter waves | M66: Nobel / encyclopedic overview | N66: https://en.wikipedia.org/wiki/Davisson%E2%80%93Germer_experiment | O66: 1
A67: E066 | B67: 1928 | C67: Raman scattering discovery | D67: C. V. Raman; K. S. Krishnan | E67: Indian Association for the Cultivation of Science, Calcutta | F67: Optics / molecular physics | G67: inelastic light scattering | H67: Monochromatic light through liquids; spectrograph | I67: Frequency-shifted scattered light | J67: Light scattering can exchange energy with molecular modes | K67: Molecular energy levels | L67: Founded Raman spectroscopy | M67: Nobel / encyclopedic overview | N67: https://en.wikipedia.org/wiki/Raman_scattering | O67: 1
A68: E067 | B68: 1931 | C68: Lawrence cyclotron demonstration | D68: Ernest O. Lawrence; M. Stanley Livingston | E68: University of California, Berkeley | F68: Particle / nuclear physics | G68: accelerators | H68: Cyclotron with magnetic field and RF acceleration | I68: Ion energy | J68: Repeated acceleration in circular orbit reaches high energies | K68: Particle acceleration | L68: Start of modern accelerator physics | M68: Nobel / encyclopedic overview | N68: https://en.wikipedia.org/wiki/Cyclotron#History | O68: 1
A69: E068 | B69: 1932 | C69: Cockcroft-Walton lithium disintegration | D69: John Cockcroft; Ernest Walton | E69: Cavendish Laboratory, Cambridge | F69: Nuclear physics | G69: accelerators / nuclear reactions | H69: High-voltage accelerator bombarding lithium with protons | I69: Alpha particles from lithium disintegration | J69: Atomic nucleus split by artificially accelerated particles | K69: Mass-energy relation; nuclear transmutation | L69: First nuclear disintegration by accelerator | M69: Nobel / encyclopedic overview | N69: https://en.wikipedia.org/wiki/Cockcroft%E2%80%93Walton_generator | O69: 1
A70: E069 | B70: 1932 | C70: Chadwick neutron discovery | D70: James Chadwick | E70: Cavendish Laboratory, Cambridge | F70: Nuclear physics | G70: neutron | H70: Alpha particles on beryllium; paraffin recoil protons | I70: Penetrating neutral radiation; recoil energies | J70: Radiation consists of neutral particles of proton-like mass | K70: Neutron existence | L70: Opened nuclear structure and fission physics | M70: Nobel / encyclopedic overview | N70: https://en.wikipedia.org/wiki/Neutron#Discovery | O70: 1
A71: E070 | B71: 1932 | C71: Anderson positron discovery | D71: Carl D. Anderson | E71: Caltech | F71: Particle physics | G71: antimatter / cosmic rays | H71: Cloud chamber in magnetic field | I71: Track curvature and ionization | J71: Positive electron identified in cosmic rays | K71: Dirac antimatter prediction | L71: Discovery of antimatter particle | M71: Nobel / encyclopedic overview | N71: https://en.wikipedia.org/wiki/Positron#Experimental_clues_and_discovery | O71: 1
A72: E071 | B72: 1933 | C72: Meissner-Ochsenfeld effect | D72: Walther Meissner; Robert Ochsenfeld | E72: Berlin | F72: Condensed matter | G72: superconductivity | H72: Magnetic field measurements around cooled superconductors | I72: Magnetic flux expulsion | J72: Superconductors expel magnetic field below transition temperature | K72: Perfect diamagnetism; superconducting phase | L72: Showed superconductivity is a thermodynamic phase, not mere zero resistance | M72: Encyclopedic overview | N72: https://en.wikipedia.org/wiki/Meissner_effect | O72: 1
A73: E072 | B73: 1935 | C73: Yukawa meson hypothesis prompted by nuclear-force data | D73: Hideki Yukawa | E73: Japan | F73: Nuclear physics | G73: nuclear forces | H73: Theoretical interpretation of nuclear binding/range data | I73: Force range and mass scale | J73: Nuclear force range implies intermediate-mass carrier | K73: Meson theory | L73: Theoretical milestone included as context, not an experiment | M73: Nobel / encyclopedic overview | N73: https://en.wikipedia.org/wiki/Yukawa_potential | O73: 3 | P73: Not a laboratory experiment
A74: E073 | B74: 1938-1939 | C74: Hahn-Strassmann nuclear fission experiments | D74: Otto Hahn; Fritz Strassmann; interpreted by Lise Meitner and Otto Frisch | E74: Berlin / Sweden | F74: Nuclear physics | G74: fission | H74: Neutron irradiation of uranium; radiochemical analysis | I74: Barium products; energy release | J74: Uranium nuclei can split into lighter nuclei | K74: Nuclear fission | L74: Opened nuclear-energy and reactor physics | M74: Nobel / encyclopedic overview | N74: https://en.wikipedia.org/wiki/Discovery_of_nuclear_fission | O74: 1
A75: E074 | B75: 1939 | C75: Bethe's solar fusion reaction analysis linked to stellar observations | D75: Hans Bethe | E75: Cornell | F75: Astrophysics / nuclear physics | G75: stellar energy | H75: Nuclear reaction theory constrained by solar luminosity | I75: Solar energy production pathways | J75: Stars powered by nuclear fusion cycles | K75: Stellar nucleosynthesis | L75: Theoretical milestone included for historical context | M75: Nobel / encyclopedic overview | N75: https://en.wikipedia.org/wiki/Stellar_nucleosynthesis#History | O75: 3 | P75: Not an experiment; included because experiments on nuclear reactions enabled it
A76: E075 | B76: 1940 | C76: McMillan-Abelson neptunium discovery | D76: Edwin McMillan; Philip Abelson | E76: Berkeley | F76: Nuclear physics | G76: transuranium elements | H76: Neutron bombardment of uranium; chemistry | I76: Beta decay chain products | J76: First transuranium element identified | K76: Nuclear reactions; transuranium chemistry | L76: Opened transuranium-element physics | M76: Encyclopedic overview | N76: https://en.wikipedia.org/wiki/Neptunium#Discovery | O76: 2
A77: E076 | B77: 1946 | C77: Bloch and Purcell nuclear magnetic resonance | D77: Felix Bloch; Edward Purcell | E77: Stanford / Harvard | F77: Atomic / condensed matter physics | G77: NMR | H77: RF fields applied to nuclei in magnetic field | I77: Resonance absorption / induction | J77: Nuclear magnetic moments resonate at Larmor frequency | K77: Magnetic resonance | L77: Basis of NMR spectroscopy and MRI | M77: Nobel / encyclopedic overview | N77: https://en.wikipedia.org/wiki/Nuclear_magnetic_resonance#History | O77: 1
A78: E077 | B78: 1947 | C78: Powell pion discovery in nuclear emulsions | D78: Cecil Powell; collaborators | E78: University of Bristol | F78: Particle physics | G78: mesons / cosmic rays | H78: Photographic nuclear emulsions exposed to cosmic rays | I78: Charged-particle tracks and decay chains | J78: Pion identified as meson associated with nuclear force | K78: Meson physics | L78: Major confirmation of meson phenomenology | M78: Nobel / encyclopedic overview | N78: https://en.wikipedia.org/wiki/Pion#History | O78: 1
A79: E078 | B79: 1947 | C79: Lamb-Retherford hydrogen fine-structure measurement | D79: Willis Lamb; Robert Retherford | E79: Columbia University | F79: Quantum physics / atomic physics | G79: QED | H79: Microwave spectroscopy of hydrogen | I79: 2S1/2-2P1/2 energy splitting | J79: Observed Lamb shift beyond Dirac equation | K79: Quantum electrodynamics; radiative corrections | L79: Crucial empirical driver of renormalized QED | M79: Nobel / encyclopedic overview | N79: https://en.wikipedia.org/wiki/Lamb_shift | O79: 1
A80: E079 | B80: 1948 | C80: Kusch-Foley electron magnetic moment anomaly | D80: Polykarp Kusch; Henry Foley | E80: Columbia University | F80: Quantum physics / atomic physics | G80: magnetic moment | H80: Atomic beam magnetic resonance | I80: Electron g-factor | J80: Electron magnetic moment differs slightly from Dirac value | K80: QED anomalous magnetic moment | L80: Precision test of QED | M80: Nobel / encyclopedic overview | N80: https://en.wikipedia.org/wiki/Anomalous_magnetic_dipole_moment | O80: 1
A81: E080 | B81: 1948 | C81: Casimir force prediction and early tests | D81: Hendrik Casimir; later experimental tests | E81: Philips Research / later labs | F81: Quantum field theory | G81: vacuum fluctuations | H81: Force between conducting plates / later torsion balances | I81: Tiny attractive force | J81: Vacuum boundary conditions produce measurable force | K81: Quantum vacuum fluctuations | L81: Key macroscopic effect of quantum fields | M81: Encyclopedic overview | N81: https://en.wikipedia.org/wiki/Casimir_effect | O81: 2 | P81: Early measurements were difficult; high precision came later
A82: E081 | B82: 1952 | C82: Glaser bubble chamber invention | D82: Donald A. Glaser | E82: University of Michigan | F82: Particle physics | G82: detectors | H82: Superheated liquid chamber | I82: Bubble tracks from charged particles | J82: Charged particles can be imaged in bubble tracks | K82: Particle detection | L82: Dominant detector technology for mid-century particle physics | M82: Nobel / encyclopedic overview | N82: https://en.wikipedia.org/wiki/Bubble_chamber | O82: 1
A83: E082 | B83: 1956 | C83: Cowan-Reines neutrino experiment | D83: Clyde Cowan; Frederick Reines | E83: Savannah River Plant | F83: Particle physics | G83: neutrinos | H83: Reactor antineutrino detector with inverse beta decay signature | I83: Coincident gamma/neutron signals | J83: Electron antineutrino detected | K83: Neutrino existence | L83: First direct detection of neutrinos | M83: Nobel / encyclopedic overview | N83: https://en.wikipedia.org/wiki/Cowan%E2%80%93Reines_neutrino_experiment | O83: 1
A84: E083 | B84: 1956-1957 | C84: Wu experiment: parity violation | D84: Chien-Shiung Wu; Ernest Ambler; Raymond Hayward; Dale Hoppes; Ralph Hudson | E84: National Bureau of Standards | F84: Particle / nuclear physics | G84: weak interaction | H84: Beta decay of polarized cobalt-60 nuclei at low temperature | I84: Angular distribution of beta electrons | J84: Weak interaction violates parity symmetry | K84: Parity conservation test | L84: Revolutionized understanding of weak interactions | M84: Encyclopedic overview | N84: https://en.wikipedia.org/wiki/Wu_experiment | O84: 1
A85: E084 | B85: 1958 | C85: Mössbauer recoilless gamma-ray resonance | D85: Rudolf Mössbauer | E85: Technical University of Munich | F85: Nuclear / solid-state physics | G85: gamma spectroscopy | H85: Gamma-ray absorption/emission in solids | I85: Nuclear resonance without recoil | J85: Recoilless nuclear resonance possible in crystals | K85: Mössbauer effect | L85: Enabled precision tests and materials spectroscopy | M85: Nobel / encyclopedic overview | N85: https://en.wikipedia.org/wiki/M%C3%B6ssbauer_effect | O85: 1
A86: E085 | B86: 1959 | C86: Aharonov-Bohm effect electron interference tests | D86: Robert Chambers; later Akira Tonomura | E86: University of Bristol / Hitachi | F86: Quantum physics | G86: quantum phase | H86: Electron interference around magnetic flux | I86: Interference phase shift | J86: Electromagnetic potentials have observable quantum significance | K86: Gauge potentials; quantum nonlocality | L86: Landmark in quantum foundations | M86: Encyclopedic overview | N86: https://en.wikipedia.org/wiki/Aharonov%E2%80%93Bohm_effect | O86: 1 | P86: Early Chambers test debated; later Tonomura tests stronger
A87: E086 | B87: 1959-1960 | C87: Pound-Rebka gravitational redshift experiment | D87: Robert Pound; Glen Rebka | E87: Harvard University | F87: Relativity / gravitation | G87: gravitational redshift | H87: Mössbauer gamma rays in Jefferson tower | I87: Frequency shift with height | J87: Light shifts frequency in gravitational field | K87: General relativity; equivalence principle | L87: Precision laboratory test of GR | M87: Encyclopedic overview | N87: https://en.wikipedia.org/wiki/Pound%E2%80%93Rebka_experiment | O87: 1
A88: E087 | B88: 1960 | C88: Maiman ruby laser demonstration | D88: Theodore Maiman | E88: Hughes Research Laboratories | F88: Optics / quantum electronics | G88: laser | H88: Ruby crystal, flashlamp pumping, optical cavity | I88: Coherent optical emission | J88: First operational laser | K88: Stimulated emission; optical maser | L88: Founded laser physics and photonics | M88: Encyclopedic overview | N88: https://en.wikipedia.org/wiki/Laser#History | O88: 1
A89: E088 | B89: 1961 | C89: Hafele-Keating flying atomic clocks | D89: Joseph Hafele; Richard Keating | E89: Commercial flights worldwide | F89: Relativity | G89: time dilation | H89: Cesium atomic clocks flown east/west | I89: Clock time differences | J89: Relativistic time dilation and gravitational effects observed in transportable clocks | K89: Special and general relativity | L89: Publicly iconic clock test of relativity | M89: Encyclopedic overview | N89: https://en.wikipedia.org/wiki/Hafele%E2%80%93Keating_experiment | O89: 2 | P89: Precision and data treatment discussed historically
A90: E089 | B90: 1964 | C90: Cronin-Fitch CP-violation experiment | D90: James Cronin; Val Fitch; collaborators | E90: Brookhaven National Laboratory | F90: Particle physics | G90: symmetry violation | H90: Neutral kaon beam and decay detection | I90: K_L decay into two pions | J90: CP symmetry violated in weak interactions | K90: CP violation | L90: Opened study of matter-antimatter asymmetry mechanisms | M90: Nobel / encyclopedic overview | N90: https://en.wikipedia.org/wiki/CP_violation#Experimental_status | O90: 1
A91: E090 | B91: 1964-1965 | C91: Penzias-Wilson cosmic microwave background discovery | D91: Arno Penzias; Robert Wilson | E91: Bell Labs, Holmdel | F91: Cosmology | G91: CMB | H91: Microwave horn antenna | I91: Isotropic 3 K excess antenna temperature | J91: Cosmic microwave background radiation detected | K91: Big Bang cosmology | L91: Decisive evidence for hot Big Bang model | M91: Nobel / encyclopedic overview | N91: https://en.wikipedia.org/wiki/Cosmic_microwave_background#Discovery | O91: 1
A92: E091 | B92: 1967-1968 | C92: SLAC deep inelastic scattering | D92: Jerome Friedman; Henry Kendall; Richard Taylor; SLAC-MIT collaboration | E92: SLAC | F92: Particle physics | G92: quark structure | H92: High-energy electron scattering from protons/neutrons | I92: Scattering cross sections at large momentum transfer | J92: Nucleons contain pointlike constituents | K92: Quark/parton model | L92: Experimental foundation of quark model and QCD | M92: Nobel / encyclopedic overview | N92: https://en.wikipedia.org/wiki/Deep_inelastic_scattering | O92: 1
A93: E092 | B93: 1967-1970 | C93: Davis Homestake solar-neutrino experiment | D93: Ray Davis Jr. | E93: Homestake Mine, South Dakota | F93: Astroparticle physics | G93: solar neutrinos | H93: Chlorine radiochemical detector | I93: Solar neutrino capture rate | J93: Observed fewer solar neutrinos than predicted | K93: Solar neutrino problem | L93: Led toward neutrino oscillation physics | M93: Nobel / encyclopedic overview | N93: https://en.wikipedia.org/wiki/Homestake_experiment | O93: 1
A94: E093 | B94: 1968 | C94: Josephson tunneling experiments | D94: Brian Josephson prediction; Philip Anderson and John Rowell experiments | E94: Bell Labs / Cambridge context | F94: Condensed matter / quantum physics | G94: superconducting tunneling | H94: Superconductor-insulator-superconductor junctions | I94: DC/AC tunneling currents | J94: Macroscopic quantum phase difference drives supercurrent | K94: Josephson effect | L94: Basis of SQUIDs, voltage standards, superconducting qubits | M94: Nobel / encyclopedic overview | N94: https://en.wikipedia.org/wiki/Josephson_effect | O94: 1
A95: E094 | B95: 1971 | C95: Shapiro time-delay tests with radar | D95: Irwin Shapiro and collaborators | E95: MIT / JPL radar astronomy | F95: Relativity / gravitation | G95: time delay | H95: Radar ranging to planets/spacecraft near solar conjunction | I95: Round-trip travel-time delay | J95: Signals delayed by solar gravitational field | K95: General relativity | L95: Classic solar-system GR test | M95: Encyclopedic overview | N95: https://en.wikipedia.org/wiki/Shapiro_time_delay | O95: 1
A96: E095 | B96: 1973 | C96: Gargamelle neutral-current discovery | D96: Gargamelle collaboration | E96: CERN | F96: Particle physics | G96: weak interaction | H96: Heavy-liquid bubble chamber neutrino interactions | I96: Neutral-current event topologies | J96: Weak neutral currents exist | K96: Electroweak theory | L96: Major confirmation of electroweak unification | M96: CERN / encyclopedic overview | N96: https://en.wikipedia.org/wiki/Gargamelle | O96: 1
A97: E096 | B97: 1974 | C97: J/psi discovery: November Revolution | D97: Burton Richter team; Samuel Ting team | E97: SLAC and Brookhaven | F97: Particle physics | G97: charm quark | H97: e⁺e⁻ collisions and proton-nucleus experiments | I97: Narrow resonance near 3.1 GeV | J97: J/psi particle discovered, implying charm quark | K97: Quark model; charm | L97: Triggered modern quarkonium and Standard Model consolidation | M97: Nobel / encyclopedic overview | N97: https://en.wikipedia.org/wiki/J/psi_meson | O97: 1
A98: E097 | B98: 1975 | C98: Tau lepton discovery | D98: Martin Perl; SLAC-LBL collaboration | E98: SLAC | F98: Particle physics | G98: leptons | H98: e⁺e⁻ collisions | I98: Anomalous lepton-pair events | J98: Third charged lepton discovered | K98: Lepton generations | L98: Evidence for third generation of matter | M98: Nobel / encyclopedic overview | N98: https://en.wikipedia.org/wiki/Tau_(particle)#Discovery | O98: 1
A99: E098 | B99: 1977 | C99: Bottom quark discovery | D99: E288 collaboration led by Leon Lederman | E99: Fermilab | F99: Particle physics | G99: quarks | H99: Proton-nucleus collisions; dimuon resonance | I99: Upsilon resonance | J99: Bottom quark discovered in bottomonium states | K99: Quark generations | L99: Established third-generation quark sector | M99: Encyclopedic overview | N99: https://en.wikipedia.org/wiki/Bottom_quark#Discovery | O99: 1
A100: E099 | B100: 1978 | C100: COW neutron-interferometry gravity experiment | D100: Roberto Colella; Albert Overhauser; Samuel Werner | E100: Purdue / NIST reactor context | F100: Quantum physics / gravitation | G100: neutron interferometry | H100: Neutron interferometer tilted in gravitational field | I100: Phase shift | J100: Neutron quantum phase affected by gravitational potential | K100: Quantum mechanics in gravitational field | L100: Canonical test of gravity-induced quantum phase | M100: Encyclopedic overview | N100: https://en.wikipedia.org/wiki/COW_experiment | O100: 1
A101: E100 | B101: 1979 | C101: Gluon discovery at PETRA | D101: TASSO and other PETRA collaborations | E101: DESY, Hamburg | F101: Particle physics | G101: QCD | H101: e⁺e⁻ annihilation to three-jet events | I101: Three-jet event topology | J101: Gluon observed as carrier of strong force | K101: Quantum chromodynamics | L101: Direct evidence for gluons | M101: DESY / encyclopedic overview | N101: https://en.wikipedia.org/wiki/Gluon#Experimental_observations | O101: 1
... A108: E107 | B108: 1987 | C108: Kamiokande neutrinos from SN 1987A | D108: Kamiokande-II; IMB; Baksan collaborations | E108: Japan / USA / USSR detectors | F108: Astroparticle physics | G108: supernova neutrinos | H108: Large water Cherenkov detectors | I108: Burst of neutrino events | J108: Neutrinos detected from supernova SN 1987A | K108: Core-collapse supernova theory | L108: Birth of neutrino astronomy beyond the Sun | M108: Encyclopedic overview | N108: https://en.wikipedia.org/wiki/SN_1987A#Neutrino_emissions | O108: 1
A109: E108 | B109: 1989 | C109: LEP precision electroweak measurements | D109: ALEPH, DELPHI, L3, OPAL collaborations | E109: CERN LEP | F109: Particle physics | G109: precision electroweak | H109: e⁺e⁻ collider at Z pole | I109: Z lineshape, asymmetries, number of neutrinos | J109: Precision constraints on Standard Model parameters | K109: Electroweak Standard Model | L109: Benchmark precision era of collider physics | M109: CERN / encyclopedic overview | N109: https://en.wikipedia.org/wiki/Large_Electron%E2%80%93Positron_Collider | O109: 2 | P109: Program rather than one experiment
A110: E109 | B110: 1992 | C110: COBE CMB spectrum and anisotropy measurements | D110: COBE team led by George Smoot and John Mather | E110: NASA COBE satellite | F110: Cosmology | G110: CMB | H110: Spaceborne microwave radiometers and spectrophotometer | I110: Blackbody spectrum; temperature anisotropies | J110: CMB is near-perfect blackbody and has primordial anisotropies | K110: Big Bang; structure formation | L110: Precision cosmology milestone | M110: Nobel / NASA overview | N110: https://en.wikipedia.org/wiki/Cosmic_Background_Explorer | O110: 1
A111: E110 | B111: 1995 | C111: Top quark discovery | D111: CDF and DØ collaborations | E111: Fermilab Tevatron | F111: Particle physics | G111: quarks | H111: Proton-antiproton collider; top decay channels | I111: High-mass top-pair events | J111: Top quark discovered | K111: Standard Model third generation | L111: Completed quark family experimentally | M111: Fermilab / encyclopedic overview | N111: https://en.wikipedia.org/wiki/Top_quark#Discovery | O111: 1
A112: E111 | B112: 1995 | C112: Bose-Einstein condensate in dilute gases | D112: Eric Cornell; Carl Wieman; Wolfgang Ketterle | E112: JILA / MIT | F112: Atomic physics / quantum gases | G112: BEC | H112: Laser cooling, evaporative cooling, magnetic traps | I112: Macroscopic occupation of ground state | J112: Dilute atomic Bose-Einstein condensates produced | K112: Bose-Einstein statistics | L112: Opened ultracold quantum-gas physics | M112: Nobel / encyclopedic overview | N112: https://en.wikipedia.org/wiki/Bose%E2%80%93Einstein_condensate#Experimental_observation | O112: 1
A113: E112 | B113: 1997-1998 | C113: Quantum teleportation of photonic states | D113: Anton Zeilinger group; Nicolas Gisin group | E113: Innsbruck / Geneva | F113: Quantum information | G113: teleportation | H113: Entangled photons and Bell-state measurements | I113: Transferred quantum state fidelity | J113: Unknown quantum states can be teleported using entanglement and classical communication | K113: Quantum information theory | L113: Foundational experiment for quantum communication | M113: Nobel / encyclopedic overview | N113: https://en.wikipedia.org/wiki/Quantum_teleportation#Experimental_results | O113: 2 | P113: Early experiments demonstrated photonic states, not matter transport
A114: E113 | B114: 1998 | C114: Super-Kamiokande atmospheric neutrino oscillation result | D114: Super-Kamiokande collaboration | E114: Kamioka, Japan | F114: Particle / astroparticle physics | G114: neutrino oscillations | H114: Water Cherenkov detector | I114: Zenith-angle-dependent atmospheric neutrino deficit | J114: Muon neutrinos oscillate into other flavors | K114: Neutrino mass and mixing | L114: First compelling evidence for neutrino mass | M114: Nobel / encyclopedic overview | N114: https://en.wikipedia.org/wiki/Super-Kamiokande#Neutrino_oscillation | O114: 1
...

Sheet Summary
A1: Catalogue Summary
A3: Metric | B3: Formula / value
A4: Total catalogue rows | B4: =COUNTA(Experiments!A2:A130) -> 129
A5: Earliest numeric start year | B5: =MIN(Experiments!#REF!) -> #REF!
A6: Latest numeric start year | B6: =MAX(Experiments!#REF!) -> #REF!
A7: Tier-1 canonical rows | B7: =COUNTIF(Experiments!O2:O130,1) -> 102
A8: Rows with caveat/notes | B8: 31
A10: Physics branch | B10: Count | C10: Share | E10: Importance tier | F10: Count | G10: Definition
A11: Acoustics / waves | B11: =COUNTIF(Experiments!F$2:F$130,A11) -> 1 | C11: =B11/$B$4 -> 0.007751938 | E11: 1 | F11: =COUNTIF(Experiments!O$2:O$130,E11) -> 102 | G11: Canonical field-shaping experiment/observation
A12: Astronomy / geophysics | B12: =COUNTIF(Experiments!F$2:F$130,A12) -> 1 | C12: =B12/$B$4 -> 0.007751938 | E12: 2 | F12: =COUNTIF(Experiments!O$2:O$130,E12) -> 21 | G12: Very important but more specialized/programmatic
A13: Astronomy / relativity precursor | B13: =COUNTIF(Experiments!F$2:F$130,A13) -> 1 | C13: =B13/$B$4 -> 0.007751938 | E13: 3 | F13: =COUNTIF(Experiments!O$2:O$130,E13) -> 6 | G13: Contextual, instrumental, or theory-linked milestone
A14: Astroparticle physics | B14: =COUNTIF(Experiments!F$2:F$130,A14) -> 3 | C14: =B14/$B$4 -> 0.023255814
A15: Astrophysics | B15: =COUNTIF(Experiments!F$2:F$130,A15) -> 1 | C15: =B15/$B$4 -> 0.007751938
A16: Astrophysics / gravitation | B16: =COUNTIF(Experiments!F$2:F$130,A16) -> 2 | C16: =B16/$B$4 -> 0.015503876 | E16: Period | F16: Count
A17: Astrophysics / nuclear physics | B17: =COUNTIF(Experiments!F$2:F$130,A17) -> 1 | C17: =B17/$B$4 -> 0.007751938 | E17: Ancient–Medieval | F17: =COUNTIFS(Experiments!#REF!,"<1500") -> #REF!
A18: Atomic / condensed matter physics | B18: =COUNTIF(Experiments!F$2:F$130,A18) -> 1 | C18: =B18/$B$4 -> 0.007751938 | E18: Scientific Revolution / Early modern | F18: =COUNTIFS(Experiments!#REF!,">=1500",Experiments!#REF!,"<1800") -> #REF!
A19: Atomic / optical physics | B19: =COUNTIF(Experiments!F$2:F$130,A19) -> 1 | C19: =B19/$B$4 -> 0.007751938 | E19: 19th century | F19: =COUNTIFS(Experiments!#REF!,">=1800",Experiments!#REF!,"<1900") -> #REF!
A20: Atomic / particle physics | B20: =COUNTIF(Experiments!F$2:F$130,A20) -> 1 | C20: =B20/$B$4 -> 0.007751938 | E20: 1900–1945 | F20: =COUNTIFS(Experiments!#REF!,">=1900",Experiments!#REF!,"<=1945") -> #REF!
A21: Atomic / plasma physics | B21: =COUNTIF(Experiments!F$2:F$130,A21) -> 1 | C21: =B21/$B$4 -> 0.007751938 | E21: Postwar 1946–1979 | F21: =COUNTIFS(Experiments!#REF!,">=1946",Experiments!#REF!,"<=1979") -> #REF!
A22: Atomic physics | B22: =COUNTIF(Experiments!F$2:F$130,A22) -> 4 | C22: =B22/$B$4 -> 0.031007752 | E22: 1980–1999 | F22: =COUNTIFS(Experiments!#REF!,">=1980",Experiments!#REF!,"<=1999") -> #REF!
A23: Atomic physics / quantum gases | B23: =COUNTIF(Experiments!F$2:F$130,A23) -> 1 | C23: =B23/$B$4 -> 0.007751938 | E23: 2000–present | F23: =COUNTIFS(Experiments!#REF!,">=2000") -> #REF!
A24: Atomic physics / radiation | B24: =COUNTIF(Experiments!F$2:F$130,A24) -> 1 | C24: =B24/$B$4 -> 0.007751938
A25: Atomic physics / spectroscopy | B25: =COUNTIF(Experiments!F$2:F$130,A25) -> 1 | C25: =B25/$B$4 -> 0.007751938
A26: Classical mechanics | B26: =COUNTIF(Experiments!F$2:F$130,A26) -> 3 | C26: =B26/$B$4 -> 0.023255814
A27: Classical mechanics / geophysics | B27: =COUNTIF(Experiments!F$2:F$130,A27) -> 1 | C27: =B27/$B$4 -> 0.007751938
A28: Condensed matter | B28: =COUNTIF(Experiments!F$2:F$130,A28) -> 6 | C28: =B28/$B$4 -> 0.046511628
A29: Condensed matter / atomic physics | B29: =COUNTIF(Experiments!F$2:F$130,A29) -> 1 | C29: =B29/$B$4 -> 0.007751938
A30: Condensed matter / electromagnetism | B30: =COUNTIF(Experiments!F$2:F$130,A30) -> 2 | C30: =B30/$B$4 -> 0.015503876
A31: Condensed matter / nanophysics | B31: =COUNTIF(Experiments!F$2:F$130,A31) -> 1 | C31: =B31/$B$4 -> 0.007751938
A32: Condensed matter / quantum physics | B32: =COUNTIF(Experiments!F$2:F$130,A32) -> 1 | C32: =B32/$B$4 -> 0.007751938
A33: Cosmology | B33: =COUNTIF(Experiments!F$2:F$130,A33) -> 5 | C33: =B33/$B$4 -> 0.03875969
A34: Electromagnetism | B34: =COUNTIF(Experiments!F$2:F$130,A34) -> 6 | C34: =B34/$B$4 -> 0.046511628
A35: Electromagnetism / chemistry physics | B35: =COUNTIF(Experiments!F$2:F$130,A35) -> 1 | C35: =B35/$B$4 -> 0.007751938
... A71: Thermodynamics / gases | B71: =COUNTIF(Experiments!F$2:F$130,A71) -> 1 | C71: =B71/$B$4 -> 0.007751938

Sheet Bibliography
A1: Reference hub | B1: Use in this workbook | C1: URL
A2: Nobel Prize physics archive | B2: Prize summaries, lectures, and scientific background for Nobel-recognized experiments. | C2: https://www.nobelprize.org/prizes/physics/
A3: American Physical Society history resources | B3: Accessible historical essays and selected primary context. | C3: https://www.aps.org/archives
A4: CERN history and experiment pages | B4: Particle-physics discoveries, detectors, and accelerator history. | C4: https://home.cern/science
A5: NASA astrophysics missions | B5: Mission pages for COBE, WMAP, JWST and related astrophysics data sets. | C5: https://science.nasa.gov/
A6: ESA Planck mission | B6: Planck satellite mission and cosmology outputs. | C6: https://www.esa.int/Science_Exploration/Space_Science/Planck
A7: LIGO Laboratory | B7: Gravitational-wave detections, observatory descriptions, and data releases. | C7: https://www.ligo.caltech.edu/
A8: Event Horizon Telescope | B8: EHT collaboration results and black-hole imaging releases. | C8: https://eventhorizontelescope.org/
A9: Particle Data Group | B9: Authoritative particle properties and review articles. | C9: https://pdg.lbl.gov/
A10: NIST physics laboratory resources | B10: Precision measurement, constants, clocks, and standards context. | C10: https://www.nist.gov/pml
A11: Stanford Encyclopedia of Philosophy | B11: Useful for conceptual foundations and historical-philosophical interpretation. | C11: https://plato.stanford.edu/
A12: Internet Archive / scanned primary works | B12: Useful for historical monographs and original papers in public domain. | C12: https://archive.org/
... A15: Google Scholar | B15: Broad bibliographic follow-up; verify records before citation. | C15: https://scholar.google.com/

Sheet Glossary
A1: Field | B1: Definition / allowed value
A2: Importance tier 1 | B2: Canonical field-shaping experiment/observation; use for central narrative spine.
A3: Importance tier 2 | B3: Highly important, but more specialized, derivative, programmatic, or less universally canonical.
A4: Importance tier 3 | B4: Contextual/theoretical/instrumental milestone included to help interpretation.
A5: Source kind: Encyclopedic overview | B5: A stable orientation URL; should be supplemented by primary literature for publication.
A6: Source kind: Nobel / encyclopedic overview | B6: Nobel pages or Nobel-related context plus an overview URL.
A7: Source kind: Scholarly overview | B7: A page suitable for identifying the relevant primary literature and modern historiography.
A8: Controlled scope | B8: The catalogue includes observations when they served the same evidentiary role as experiments in physics history.
